"Active_amount_not_vaccinated","Active_amount_vaccinated","Active_amount_vaccinated_procces","Active_not_vaccinated_normalized","Active_vaccinated_normalized","Active_vaccinated_procces_normalized","Serious_amount_not_vaccinated","Serious_amount_vaccinated","Serious_amount_vaccinated_procces","Serious_not_vaccinated_normalized","Serious_vaccinated_normalized","Serious_vaccinated_procces_normalized","age","capture_date_time","not_vaccinated_amount_cum","vaccinated_amount_cum","vaccinated_procces_amount_cum"
2334,113,280,586.6,63.7,655.8,2,0,0,0.5,0,0,"12-15","2021-08-11T21:20:00Z",,,
709,1320,74,539.2,309.1,295.3,0,0,0,0,0,0,"16-19","2021-08-11T21:20:00Z",,,
1370,3944,109,510.6,398.5,257,2,1,0,0.7,0.1,0,"20-29","2021-08-11T21:20:00Z",,,
1208,4109,80,615,424.7,241.5,11,1,0,5.6,0.1,0,"30-39","2021-08-11T21:20:00Z",,,
897,4098,45,610.2,442.5,177.2,21,3,0,14.3,0.3,0,"40-49","2021-08-11T21:20:00Z",,,
529,2969,35,615.4,397.5,204.9,19,18,0,22.1,2.4,0,"50-59","2021-08-11T21:20:00Z",,,
341,2506,19,515.2,376.9,181.1,30,48,2,45.3,7.2,19.1,"60-69","2021-08-11T21:20:00Z",,,
179,1699,19,847.6,366.3,326.9,21,72,1,99.4,15.5,17.2,"70-79","2021-08-11T21:20:00Z",,,
111,807,9,855.9,386.7,231.2,27,85,2,208.2,40.7,51.4,"80-89","2021-08-11T21:20:00Z",,,
39,215,6,1216.5,462.1,340.3,10,23,4,311.9,49.4,226.9,"90+","2021-08-11T21:20:00Z",,,
2468,123,277,625.9,68.7,619.8,2,0,0,0.5,0,0,"12-15","2021-08-12T21:37:00Z",,,
752,1405,80,576.1,328.7,313.5,0,0,0,0,0,0,"16-19","2021-08-12T21:37:00Z",,,
1463,4243,109,546.4,428.6,256,2,0,0,0.7,0,0,"20-29","2021-08-12T21:37:00Z",,,
1280,4326,84,653.6,447,251.6,11,1,0,5.6,0.1,0,"30-39","2021-08-12T21:37:00Z",,,
951,4322,45,648.6,466.6,175.9,20,5,0,13.6,0.5,0,"40-49","2021-08-12T21:37:00Z",,,
559,3139,39,652.5,420.2,226.6,24,17,0,28,2.3,0,"50-59","2021-08-12T21:37:00Z",,,
360,2601,19,545.9,391,180.2,36,54,2,54.6,8.1,19,"60-69","2021-08-12T21:37:00Z",,,
190,1809,20,906.4,389.9,342.9,25,81,3,119.3,17.5,51.4,"70-79","2021-08-12T21:37:00Z",,,
116,860,10,899.8,412,257.4,25,94,2,193.9,45,51.5,"80-89","2021-08-12T21:37:00Z",,,
45,236,5,1415.5,507,282.5,14,24,3,440.4,51.6,169.5,"90+","2021-08-12T21:37:00Z",,,
2580,137,291,657.8,76.1,634.7,1,0,0,0.3,0,0,"12-15","2021-08-13T21:00:00Z",,,
794,1472,81,610.7,344.1,314.2,1,0,0,0.8,0,0,"16-19","2021-08-13T21:00:00Z",,,
1537,4425,114,574.6,446.9,267.3,2,0,0,0.7,0,0,"20-29","2021-08-13T21:00:00Z",,,
1359,4566,84,694.8,471.7,251,10,1,0,5.1,0.1,0,"30-39","2021-08-13T21:00:00Z",,,
998,4548,50,681.5,490.9,194.9,27,4,0,18.4,0.4,0,"40-49","2021-08-13T21:00:00Z",,,
598,3315,40,699.2,443.7,231.8,25,14,1,29.2,1.9,5.8,"50-59","2021-08-13T21:00:00Z",,,
383,2676,19,581.6,402.3,180.4,43,52,2,65.3,7.8,19,"60-69","2021-08-13T21:00:00Z",,,
197,1840,21,942.5,396.5,359.7,30,83,2,143.5,17.9,34.3,"70-79","2021-08-13T21:00:00Z",,,
118,895,9,917.6,428.7,231,25,91,2,194.4,43.6,51.3,"80-89","2021-08-13T21:00:00Z",,,
47,242,5,1480.8,519.8,283.3,10,21,3,315.1,45.1,170,"90+","2021-08-13T21:00:00Z",,,
2820,155,323,721.7,86,685.4,1,0,0,0.3,0,0,"12-15","2021-08-14T22:00:00Z",,,
849,1571,83,655.1,367.2,318.2,1,0,0,0.8,0,0,"16-19","2021-08-14T22:00:00Z",,,
1650,4710,119,617.5,475.6,278.2,3,0,0,1.1,0,0,"20-29","2021-08-14T22:00:00Z",,,
1500,4956,95,767.8,511.9,282.8,9,1,0,4.6,0.1,0,"30-39","2021-08-14T22:00:00Z",,,
1074,4913,60,734.2,530.3,233,25,3,0,17.1,0.3,0,"40-49","2021-08-14T22:00:00Z",,,
646,3606,44,756.6,482.6,254.2,31,17,1,36.3,2.3,5.8,"50-59","2021-08-14T22:00:00Z",,,
424,2878,21,644.7,432.6,198.7,45,57,2,68.4,8.6,18.9,"60-69","2021-08-14T22:00:00Z",,,
203,1957,22,973.1,421.7,376.3,34,90,2,163,19.4,34.2,"70-79","2021-08-14T22:00:00Z",,,
130,949,10,1012.1,454.5,256.8,30,96,2,233.6,46,51.4,"80-89","2021-08-14T22:00:00Z",,,
51,257,6,1610.9,551.9,339.6,13,26,2,410.6,55.8,113.2,"90+","2021-08-14T22:00:00Z",,,
2710,157,326,699.1,86.2,673.8,1,0,0,0.3,0,0,"12-15","2021-08-15T21:13:00Z",,,
832,1565,78,645.7,365.3,296.9,1,0,0,0.8,0,0,"16-19","2021-08-15T21:13:00Z",,,
1615,4760,135,605.6,480.4,315.1,4,0,0,1.5,0,0,"20-29","2021-08-15T21:13:00Z",,,
1484,4971,103,761.5,513.3,305.8,11,2,0,5.6,0.2,0,"30-39","2021-08-15T21:13:00Z",,,
1035,4923,61,709.5,531.2,235.8,27,6,1,18.5,0.6,3.9,"40-49","2021-08-15T21:13:00Z",,,
650,3630,44,764.4,485.6,253,36,25,1,42.3,3.3,5.8,"50-59","2021-08-15T21:13:00Z",,,
421,2787,21,642.7,418.8,197.8,46,58,2,70.2,8.7,18.8,"60-69","2021-08-15T21:13:00Z",,,
201,1873,21,970.4,403.5,358.3,35,90,2,169,19.4,34.1,"70-79","2021-08-15T21:13:00Z",,,
126,921,11,986.9,440.9,282,30,100,2,235,47.9,51.3,"80-89","2021-08-15T21:13:00Z",,,
60,258,6,1901.7,553.8,341.5,16,24,2,507.1,51.5,113.8,"90+","2021-08-15T21:13:00Z",,,
3083,172,363,803.6,93.2,726.2,1,0,0,0.3,0,0,"12-15","2021-08-16T21:29:00Z",,,
954,1710,85,746.8,398.5,318.8,2,0,0,1.6,0,0,"16-19","2021-08-16T21:29:00Z",,,
1805,5308,154,678.9,535.4,357.6,4,0,0,1.5,0,0,"20-29","2021-08-16T21:29:00Z",,,
1658,5565,127,853.7,574.4,374.5,12,2,0,6.2,0.2,0,"30-39","2021-08-16T21:29:00Z",,,
1147,5465,66,789.1,589.4,253.6,24,9,1,16.5,1,3.8,"40-49","2021-08-16T21:29:00Z",,,
721,4012,47,852.8,536.4,269,34,22,0,40.2,2.9,0,"50-59","2021-08-16T21:29:00Z",,,
455,3037,19,697.8,456.2,178.1,50,58,3,76.7,8.7,28.1,"60-69","2021-08-16T21:29:00Z",,,
237,1966,22,1155.4,423.4,373.8,39,92,2,190.1,19.8,34,"70-79","2021-08-16T21:29:00Z",,,
140,994,11,1103.8,475.8,280.3,32,100,2,252.3,47.9,51,"80-89","2021-08-16T21:29:00Z",,,
61,264,7,1947.6,566.5,396.8,16,18,2,510.9,38.6,113.4,"90+","2021-08-16T21:29:00Z",,,
3395,188,402,892.7,100.7,787.9,1,0,0,0.3,0,0,"12-15","2021-08-17T21:54:00Z",,,
1048,1807,89,827.2,420.4,329.7,2,0,0,1.6,0,0,"16-19","2021-08-17T21:54:00Z",,,
2070,5942,180,780.5,598.9,417.8,4,0,0,1.5,0,0,"20-29","2021-08-17T21:54:00Z",,,
1821,6129,135,940.7,632.3,396.2,13,4,0,6.7,0.4,0,"30-39","2021-08-17T21:54:00Z",,,
1230,5855,70,849.2,631.3,267.3,30,10,0,20.7,1.1,0,"40-49","2021-08-17T21:54:00Z",,,
772,4379,53,917.6,585.2,302.3,32,31,0,38,4.1,0,"50-59","2021-08-17T21:54:00Z",,,
484,3169,21,745.4,475.8,196,59,65,4,90.9,9.8,37.3,"60-69","2021-08-17T21:54:00Z",,,
263,2029,23,1293.5,436.8,390,40,94,2,196.7,20.2,33.9,"70-79","2021-08-17T21:54:00Z",,,
148,1026,13,1175.4,490.8,332.1,36,109,4,285.9,52.1,102.2,"80-89","2021-08-17T21:54:00Z",,,
63,277,7,2025.7,594.1,397.7,17,18,2,546.6,38.6,113.6,"90+","2021-08-17T21:54:00Z",,,
3468,194,410,916.2,103.3,791.6,2,0,0,0.5,0,0,"12-15","2021-08-18T20:54:00Z",,,
1061,1860,97,841.1,432.3,357,2,0,0,1.6,0,0,"16-19","2021-08-18T20:54:00Z",,,
2128,6223,182,803.6,627.1,421.8,3,1,0,1.1,0.1,0,"20-29","2021-08-18T20:54:00Z",,,
1864,6308,139,964.7,650.5,407,17,5,0,8.8,0.5,0,"30-39","2021-08-18T20:54:00Z",,,
1271,6027,76,879.1,649.6,289.8,34,9,0,23.5,1,0,"40-49","2021-08-18T20:54:00Z",,,
791,4416,55,943.4,590,312.6,34,36,1,40.5,4.8,5.7,"50-59","2021-08-18T20:54:00Z",,,
511,3099,20,788.7,465.2,187.1,63,70,4,97.2,10.5,37.4,"60-69","2021-08-18T20:54:00Z",,,
279,1980,24,1377.4,426.1,408.8,39,81,4,192.5,17.4,68.1,"70-79","2021-08-18T20:54:00Z",,,
151,1046,13,1203.2,500.3,332.7,40,111,3,318.7,53.1,76.8,"80-89","2021-08-18T20:54:00Z",,,
65,283,6,2095.4,606.8,341.7,18,20,1,580.3,42.9,56.9,"90+","2021-08-18T20:54:00Z",,,
3675,223,456,997.1,115.9,798.3,2,0,0,0.5,0,0,"12-15","2021-08-20T15:58:06Z",368565,192403,57120
1149,1949,111,932.7,451.5,386.8,1,0,0,0.8,0,0,"16-19","2021-08-20T15:58:06Z",123189,431657,28699
2305,6713,198,875.7,675.7,453.8,6,2,1,2.3,0.2,2.3,"20-29","2021-08-20T15:58:06Z",263206,993519,43636
2016,6862,145,1051.8,707,416.7,13,3,0,6.8,0.3,0,"30-39","2021-08-20T15:58:06Z",191668,970560,34798
1359,6379,80,948.6,687,299.5,35,9,0,24.4,1,0,"40-49","2021-08-20T15:58:06Z",143264,928577,26715
854,4577,70,1031.5,610.9,390.4,33,35,0,39.9,4.7,0,"50-59","2021-08-20T15:58:06Z",82792,749244,17930
583,3022,30,908.4,453.3,276.9,64,61,2,99.7,9.2,18.5,"60-69","2021-08-20T15:58:06Z",64178,666626,10835
333,1856,26,1670.7,399.2,439.3,42,87,6,210.7,18.7,101.4,"70-79","2021-08-20T15:58:06Z",19932,464933,5919
180,1058,16,1451.8,505.7,406.1,48,108,3,387.2,51.6,76.1,"80-89","2021-08-20T15:58:06Z",12398,209200,3940
68,295,8,2220.8,632.1,452.7,14,16,1,457.2,34.3,56.6,"90+","2021-08-20T15:58:06Z",3062,46667,1767
3874,241,498,1056.3,124.9,852.3,2,0,0,0.5,0,0,"12-15","2021-08-21T18:03:04Z",366740,192916,58432
1235,2086,124,1007.4,483.1,425.6,1,0,0,0.8,0,0,"16-19","2021-08-21T18:03:04Z",122591,431816,29138
2478,7072,224,942.2,711.7,512.6,6,2,1,2.3,0.2,2.3,"20-29","2021-08-21T18:03:04Z",262988,993671,43702
2179,7333,154,1137.8,755.4,442.1,16,5,0,8.4,0.5,0,"30-39","2021-08-21T18:03:04Z",191503,970688,34835
1458,6714,92,1019.2,723,343.1,40,13,0,28,1.4,0,"40-49","2021-08-21T18:03:04Z",143059,928686,26811
901,4722,70,1090,630.1,390.1,40,38,0,48.4,5.1,0,"50-59","2021-08-21T18:03:04Z",82661,749359,17946
608,3120,32,948.1,468,295.8,68,61,2,106,9.1,18.5,"60-69","2021-08-21T18:03:04Z",64130,666690,10819
349,1864,25,1753.6,400.9,422.9,52,87,6,261.3,18.7,101.5,"70-79","2021-08-21T18:03:04Z",19902,464971,5911
185,1076,15,1493.6,514.3,381,50,117,3,403.7,55.9,76.2,"80-89","2021-08-21T18:03:04Z",12386,209215,3937
71,296,9,2319.5,634.2,509.9,14,16,1,457.4,34.3,56.7,"90+","2021-08-21T18:03:04Z",3061,46670,1765
3866,241,497,1054.6,124.9,849.1,2,0,0,0.5,0,0,"12-15","2021-08-21T21:03:08Z",366596,192958,58534
1239,2089,125,1011.1,483.8,428.6,1,0,0,0.8,0,0,"16-19","2021-08-21T21:03:08Z",122545,431832,29168
2477,7072,225,942,711.7,514.7,6,2,1,2.3,0.2,2.3,"20-29","2021-08-21T21:03:08Z",262963,993684,43714
2180,7335,154,1138.5,755.6,441.9,16,5,0,8.4,0.5,0,"30-39","2021-08-21T21:03:08Z",191481,970692,34853
1459,6712,92,1020,722.7,343,40,13,0,28,1.4,0,"40-49","2021-08-21T21:03:08Z",143040,928695,26821
906,4720,70,1096.2,629.9,390,40,38,0,48.4,5.1,0,"50-59","2021-08-21T21:03:08Z",82651,749365,17950
608,3119,32,948.1,467.8,295.7,68,61,2,106,9.1,18.5,"60-69","2021-08-21T21:03:08Z",64127,666690,10822
349,1866,25,1753.6,401.3,423,52,87,6,261.3,18.7,101.5,"70-79","2021-08-21T21:03:08Z",19902,464972,5910
185,1075,15,1493.7,513.8,380.9,50,117,3,403.7,55.9,76.2,"80-89","2021-08-21T21:03:08Z",12385,209215,3938
71,296,9,2319.5,634.2,509.9,14,16,1,457.4,34.3,56.7,"90+","2021-08-21T21:03:08Z",3061,46670,1765
3901,249,504,1065.3,128.8,859.9,2,0,0,0.5,0,0,"12-15","2021-08-22T07:02:58Z",366188,193287,58613
1259,2135,129,1028.5,494.1,443.8,1,0,0,0.8,0,0,"16-19","2021-08-22T07:02:58Z",122411,432064,29070
2491,7224,229,947.5,726.8,525.7,6,2,1,2.3,0.2,2.3,"20-29","2021-08-22T07:02:58Z",262906,993895,43560
2222,7502,158,1160.7,772.7,454.5,15,5,0,7.8,0.5,0,"30-39","2021-08-22T07:02:58Z",191438,970824,34764
1496,6877,96,1046.3,740.4,359.2,42,12,0,29.4,1.3,0,"40-49","2021-08-22T07:02:58Z",142986,928845,26725
915,4786,72,1107.5,638.6,403,43,43,0,52,5.7,0,"50-59","2021-08-22T07:02:58Z",82622,749480,17864
615,3120,35,959.4,467.9,326.7,71,63,2,110.8,9.4,18.7,"60-69","2021-08-22T07:02:58Z",64104,666822,10713
358,1870,23,1799.6,402.1,392.4,54,88,6,271.5,18.9,102.4,"70-79","2021-08-22T07:02:58Z",19893,465029,5862
186,1080,15,1502.4,516.1,383.4,50,120,2,403.9,57.3,51.1,"80-89","2021-08-22T07:02:58Z",12380,209246,3912
71,296,9,2319.5,634.2,510.8,15,19,1,490,40.7,56.8,"90+","2021-08-22T07:02:58Z",3061,46673,1762
3826,245,493,1044.8,126.8,841.1,2,0,0,0.5,0,0,"12-15","2021-08-22T09:03:22Z",366187,193288,58613
1237,2093,129,1010.5,484.4,443.8,1,0,0,0.8,0,0,"16-19","2021-08-22T09:03:22Z",122411,432064,29070
2466,7134,228,938,717.8,523.4,6,2,1,2.3,0.2,2.3,"20-29","2021-08-22T09:03:22Z",262906,993897,43558
2195,7384,153,1146.6,760.6,440.1,17,5,0,8.9,0.5,0,"30-39","2021-08-22T09:03:22Z",191438,970824,34764
1477,6760,95,1033,727.8,355.5,42,12,0,29.4,1.3,0,"40-49","2021-08-22T09:03:22Z",142985,928845,26726
903,4689,71,1092.9,625.6,397.4,46,44,0,55.7,5.9,0,"50-59","2021-08-22T09:03:22Z",82621,749480,17865
610,3042,34,951.6,456.2,317.4,72,65,2,112.3,9.7,18.7,"60-69","2021-08-22T09:03:22Z",64104,666822,10713
357,1844,23,1794.7,396.5,392.3,54,90,6,271.5,19.4,102.3,"70-79","2021-08-22T09:03:22Z",19892,465029,5863
186,1058,15,1502.4,505.6,383.4,51,120,2,412,57.3,51.1,"80-89","2021-08-22T09:03:22Z",12380,209246,3912
71,292,9,2319.5,625.6,510.8,15,19,1,490,40.7,56.8,"90+","2021-08-22T09:03:22Z",3061,46673,1762
3732,235,495,1025.2,121,827.6,2,0,0,0.5,0,0,"12-15","2021-08-22T16:03:17Z",364022,194257,59809
1208,2068,131,992.2,478.3,444.7,0,0,0,0,0,0,"16-19","2021-08-22T16:03:17Z",121752,432332,29461
2414,7078,224,919.6,712,511.9,5,3,1,1.9,0.3,2.3,"20-29","2021-08-22T16:03:17Z",262513,994090,43758
2118,7205,151,1108.4,742,431.9,14,4,0,7.3,0.4,0,"30-39","2021-08-22T16:03:17Z",191091,970973,34962
1449,6578,92,1016.2,708.1,341.6,42,12,0,29.5,1.3,0,"40-49","2021-08-22T16:03:17Z",142592,929029,26935
886,4580,75,1075.5,611,417,44,43,1,53.4,5.7,5.6,"50-59","2021-08-22T16:03:17Z",82384,749595,17987
596,2832,36,932.1,424.7,332.9,71,71,2,111,10.6,18.5,"60-69","2021-08-22T16:03:17Z",63944,666880,10815
349,1726,21,1761.6,371.1,356.4,52,95,5,262.5,20.4,84.9,"70-79","2021-08-22T16:03:17Z",19812,465080,5892
180,1007,15,1459.9,481.2,382.2,46,109,2,373.1,52.1,51,"80-89","2021-08-22T16:03:17Z",12330,209283,3925
68,285,9,2230.2,610.6,508.8,15,22,1,492,47.1,56.5,"90+","2021-08-22T16:03:17Z",3049,46678,1769
3682,232,489,1015.8,119,805.6,2,0,0,0.6,0,0,"12-15","2021-08-22T20:04:16Z",362462,194925,60701
1194,2034,129,984.2,470.3,433.9,0,0,0,0,0,0,"16-19","2021-08-22T20:04:16Z",121312,432505,29728
2382,6985,223,908.4,702.6,507.1,6,3,1,2.3,0.3,2.3,"20-29","2021-08-22T20:04:16Z",262216,994172,43973
2085,7121,146,1092.5,733.3,415.7,14,4,0,7.3,0.4,0,"30-39","2021-08-22T20:04:16Z",190846,971060,35120
1434,6500,91,1007.5,699.6,335.7,42,12,0,29.5,1.3,0,"40-49","2021-08-22T20:04:16Z",142326,929119,27111
869,4526,75,1056.7,603.7,414.8,45,44,1,54.7,5.9,5.5,"50-59","2021-08-22T20:04:16Z",82236,749650,18080
589,2783,36,922.4,417.3,331.2,71,71,2,111.2,10.6,18.4,"60-69","2021-08-22T20:04:16Z",63855,666916,10868
347,1707,21,1755.4,367,354.7,52,96,5,263.1,20.6,84.4,"70-79","2021-08-22T20:04:16Z",19768,465095,5921
177,991,15,1438.9,473.5,379.8,47,111,2,382.1,53,50.6,"80-89","2021-08-22T20:04:16Z",12301,209288,3949
68,281,9,2235.4,602,507.6,15,23,1,493.1,49.3,56.4,"90+","2021-08-22T20:04:16Z",3042,46681,1773
3844,236,519,1064,120.7,847.7,2,0,0,0.6,0,0,"12-15","2021-08-23T07:03:02Z",361269,195595,61224
1239,2113,135,1024.3,488.3,452.7,0,0,0,0,0,0,"16-19","2021-08-23T07:03:02Z",120956,432770,29819
2463,7289,234,940.2,733,532.5,9,3,1,3.4,0.3,2.3,"20-29","2021-08-23T07:03:02Z",261972,994444,43945
2185,7447,162,1146.1,766.7,461.4,16,3,0,8.4,0.3,0,"30-39","2021-08-23T07:03:02Z",190643,971276,35107
1476,6826,95,1038.5,734.5,350.8,43,10,0,30.3,1.1,0,"40-49","2021-08-23T07:03:02Z",142128,929345,27083
915,4675,75,1114.5,623.5,415.5,47,43,1,57.2,5.7,5.5,"50-59","2021-08-23T07:03:02Z",82101,749814,18051
619,2852,37,970.2,427.5,343.3,71,74,2,111.3,11.1,18.6,"60-69","2021-08-23T07:03:02Z",63799,667062,10778
357,1730,21,1809.7,371.9,358.6,54,89,4,273.7,19.1,68.3,"70-79","2021-08-23T07:03:02Z",19727,465201,5856
186,1017,15,1514.2,485.9,380.4,49,105,2,398.9,50.2,50.7,"80-89","2021-08-23T07:03:02Z",12284,209311,3943
71,291,10,2337.8,623.3,564.3,14,19,1,461,40.7,56.4,"90+","2021-08-23T07:03:02Z",3037,46687,1772
3840,237,526,1063.8,121.1,857.3,2,0,0,0.6,0,0,"12-15","2021-08-23T11:02:56Z",360967,195768,61353
1243,2129,135,1028.4,491.9,452,0,0,0,0,0,0,"16-19","2021-08-23T11:02:56Z",120868,432810,29867
2480,7312,237,946.9,735.3,538.6,10,2,1,3.8,0.2,2.3,"20-29","2021-08-23T11:02:56Z",261894,994461,44006
2185,7451,163,1146.6,767.1,463.7,18,3,0,9.4,0.3,0,"30-39","2021-08-23T11:02:56Z",190571,971305,35150
1476,6796,90,1039.1,731.2,331.7,42,10,0,29.6,1.1,0,"40-49","2021-08-23T11:02:56Z",142043,929376,27137
917,4665,82,1117.7,622.1,453.4,47,46,1,57.3,6.1,5.5,"50-59","2021-08-23T11:02:56Z",82044,749838,18084
611,2803,39,958.2,420.2,361.1,71,75,2,111.3,11.2,18.5,"60-69","2021-08-23T11:02:56Z",63767,667072,10800
353,1689,20,1791.4,363.1,340.7,55,85,5,279.1,18.3,85.2,"70-79","2021-08-23T11:02:56Z",19705,465208,5871
188,1008,15,1530.9,481.6,380.1,52,105,2,423.5,50.2,50.7,"80-89","2021-08-23T11:02:56Z",12280,209312,3946
73,296,10,2404.5,634,564.7,14,21,1,461.1,45,56.5,"90+","2021-08-23T11:02:56Z",3036,46689,1771
3912,238,535,1089.4,121.2,854.1,2,0,0,0.6,0,0,"12-15","2021-08-23T17:05:38Z",359083,196364,62641
1262,2163,138,1049.2,499.5,456.2,0,0,0,0,0,0,"16-19","2021-08-23T17:05:38Z",120284,433010,30251
2534,7422,243,968.9,746.2,549.2,10,2,1,3.8,0.2,2.3,"20-29","2021-08-23T17:05:38Z",261530,994584,44247
2243,7541,164,1179.3,776.3,463.3,16,4,0,8.4,0.4,0,"30-39","2021-08-23T17:05:38Z",190203,971425,35398
1507,6907,95,1063.9,743.1,346.8,41,9,0,28.9,1,0,"40-49","2021-08-23T17:05:38Z",141643,929520,27393
925,4675,78,1130.2,623.4,428.2,44,43,1,53.8,5.7,5.5,"50-59","2021-08-23T17:05:38Z",81842,749909,18215
614,2780,43,964.5,416.7,396,73,76,3,114.7,11.4,27.6,"60-69","2021-08-23T17:05:38Z",63661,667120,10858
357,1654,21,1818.2,355.5,355.4,57,85,5,290.3,18.3,84.6,"70-79","2021-08-23T17:05:38Z",19635,465240,5909
193,1002,15,1575.6,478.7,378.3,50,96,2,408.2,45.9,50.4,"80-89","2021-08-23T17:05:38Z",12249,209324,3965
75,292,10,2483.4,625.4,560.9,17,23,1,562.9,49.3,56.1,"90+","2021-08-23T17:05:38Z",3020,46693,1783
4152,254,580,1167.1,128.6,895.4,2,0,0,0.6,0,0,"12-15","2021-08-24T08:03:34Z",355768,197548,64772
1343,2312,149,1125.8,533.4,484.2,1,0,0,0.8,0,0,"16-19","2021-08-24T08:03:34Z",119290,433485,30770
2718,7934,257,1041.4,797.4,578.8,10,2,1,3.8,0.2,2.3,"20-29","2021-08-24T08:03:34Z",261003,994958,44400
2379,8042,182,1253.9,827.6,512.2,20,4,0,10.5,0.4,0,"30-39","2021-08-24T08:03:34Z",189728,971767,35531
1595,7232,99,1129.9,777.7,360,47,9,0,33.3,1,0,"40-49","2021-08-24T08:03:34Z",141163,929892,27501
978,4867,79,1199.3,648.8,433.2,46,37,1,56.4,4.9,5.5,"50-59","2021-08-24T08:03:34Z",81549,750180,18237
642,2855,42,1010.7,427.9,387.7,73,74,4,114.9,11.1,36.9,"60-69","2021-08-24T08:03:34Z",63519,667286,10834
365,1661,23,1865.7,356.9,391.6,60,82,7,306.7,17.6,119.2,"70-79","2021-08-24T08:03:34Z",19564,465346,5874
200,1007,15,1637.6,481,379.8,50,98,2,409.4,46.8,50.6,"80-89","2021-08-24T08:03:34Z",12213,209376,3949
74,292,10,2458.5,625.2,560.9,16,27,1,531.6,57.8,56.1,"90+","2021-08-24T08:03:34Z",3010,46703,1783
4321,267,598,1226,134.4,892.8,1,0,0,0.3,0,0,"12-15","2021-08-24T18:03:29Z",352442,198664,66982
1429,2393,163,1208,551.6,518.7,1,0,0,0.8,0,0,"16-19","2021-08-24T18:03:29Z",118296,433827,31422
2823,8219,262,1084.3,825.8,585.6,13,2,2,5,0.2,4.5,"20-29","2021-08-24T18:03:29Z",260344,995277,44740
2460,8288,189,1301.1,852.7,525.1,19,4,0,10,0.4,0,"30-39","2021-08-24T18:03:29Z",189070,971960,35996
1666,7383,102,1185.5,793.7,366.1,47,10,0,33.4,1.1,0,"40-49","2021-08-24T18:03:29Z",140537,930157,27862
1008,4959,80,1241.8,660.9,433.1,43,36,1,53,4.8,5.4,"50-59","2021-08-24T18:03:29Z",81173,750322,18471
661,2854,46,1043.9,427.7,420,72,78,4,113.7,11.7,36.5,"60-69","2021-08-24T18:03:29Z",63321,667365,10953
374,1643,23,1923.3,353,387.1,62,86,5,318.8,18.5,84.2,"70-79","2021-08-24T18:03:29Z",19446,465397,5941
203,1004,18,1670,479.4,453.5,53,99,3,436,47.3,75.6,"80-89","2021-08-24T18:03:29Z",12156,209413,3969
78,300,11,2601.7,642.3,613.5,18,25,1,600.4,53.5,55.8,"90+","2021-08-24T18:03:29Z",2998,46705,1793
4365,271,607,1242.9,136.2,892.7,1,0,0,0.3,0,0,"12-15","2021-08-24T21:03:00Z",351191,198904,67993
1449,2423,166,1229.4,558.4,522.3,1,0,0,0.8,0,0,"16-19","2021-08-24T21:03:00Z",117861,433903,31781
2861,8310,265,1099.4,835,590.4,13,2,2,5,0.2,4.5,"20-29","2021-08-24T21:03:00Z",260233,995246,44882
2495,8374,192,1320.8,861.5,531.3,19,4,0,10.1,0.4,0,"30-39","2021-08-24T21:03:00Z",188898,971987,36141
1680,7435,105,1196.6,799.3,375.4,47,10,0,33.5,1.1,0,"40-49","2021-08-24T21:03:00Z",140395,930191,27970
1011,4990,81,1246.7,665,437.2,43,36,1,53,4.8,5.4,"50-59","2021-08-24T21:03:00Z",81091,750348,18527
664,2854,47,1049.6,427.6,427.2,72,78,4,113.8,11.7,36.4,"60-69","2021-08-24T21:03:00Z",63263,667374,11002
374,1647,23,1925.4,353.9,386.2,62,86,5,319.2,18.5,84,"70-79","2021-08-24T21:03:00Z",19425,465404,5955
204,1002,18,1679.3,478.5,452.9,53,99,3,436.3,47.3,75.5,"80-89","2021-08-24T21:03:00Z",12148,209416,3974
80,302,12,2672,646.6,668.2,18,25,1,601.2,53.5,55.7,"90+","2021-08-24T21:03:00Z",2994,46706,1796
4494,275,644,1284.7,137.8,938,1,0,0,0.3,0,0,"12-15","2021-08-25T07:03:06Z",349810,199621,68657
1494,2510,168,1272.1,578.1,526.8,1,0,0,0.9,0,0,"16-19","2021-08-25T07:03:06Z",117442,434212,31891
2957,8596,270,1137.4,863.5,601.9,13,0,2,5,0,4.5,"20-29","2021-08-25T07:03:06Z",259976,995525,44860
2583,8664,195,1368.8,891.1,540.7,21,5,0,11.1,0.5,0,"30-39","2021-08-25T07:03:06Z",188702,972259,36065
1728,7648,110,1232.1,822,394.8,52,10,0,37.1,1.1,0,"40-49","2021-08-25T07:03:06Z",140246,930450,27860
1030,5141,87,1271.7,685,472.4,44,35,1,54.3,4.7,5.4,"50-59","2021-08-25T07:03:06Z",80994,750554,18418
675,2909,50,1067.7,435.8,458.6,78,76,4,123.4,11.4,36.7,"60-69","2021-08-25T07:03:06Z",63222,667514,10903
389,1650,23,2005.1,354.5,391,65,79,5,335,17,85,"70-79","2021-08-25T07:03:06Z",19401,465500,5883
202,1025,18,1664.3,489.4,455,52,97,3,428.4,46.3,75.8,"80-89","2021-08-25T07:03:06Z",12137,209445,3956
78,302,12,2606.1,646.5,670.8,19,25,1,634.8,53.5,55.9,"90+","2021-08-25T07:03:06Z",2993,46714,1789
4282,271,617,1230.8,135.2,884.5,1,0,0,0.3,0,0,"12-15","2021-08-25T16:03:15Z",347907,200428,69753
1458,2470,164,1248.2,568.6,507.8,1,0,0,0.9,0,0,"16-19","2021-08-25T16:03:15Z",116810,434437,32298
2904,8447,262,1119.1,848.4,580,13,0,2,5,0,4.4,"20-29","2021-08-25T16:03:15Z",259493,995694,45174
2550,8334,192,1355.4,857,526.7,19,5,0,10.1,0.5,0,"30-39","2021-08-25T16:03:15Z",188141,972431,36454
1692,7357,115,1210.3,790.6,408.4,54,12,0,38.6,1.3,0,"40-49","2021-08-25T16:03:15Z",139799,930600,28157
1006,4958,89,1246.4,660.5,478.1,49,33,1,60.7,4.4,5.4,"50-59","2021-08-25T16:03:15Z",80713,750637,18616
656,2703,50,1039.8,404.9,455.5,83,75,4,131.6,11.2,36.4,"60-69","2021-08-25T16:03:15Z",63091,667570,10978
388,1544,21,2008.9,331.7,353.7,64,74,5,331.4,15.9,84.2,"70-79","2021-08-25T16:03:15Z",19314,465533,5937
203,964,18,1677.1,460.2,452.8,48,94,3,396.6,44.9,75.5,"80-89","2021-08-25T16:03:15Z",12104,209459,3975
76,300,12,2545.2,642.1,670.8,18,22,1,602.8,47.1,55.9,"90+","2021-08-25T16:03:15Z",2986,46721,1789
4488,299,678,1299.2,148.2,956.5,1,0,0,0.3,0,0,"12-15","2021-08-26T08:03:23Z",345455,201746,70887
1545,2599,165,1331.7,597.5,506.6,1,0,0,0.9,0,0,"16-19","2021-08-26T08:03:23Z",116019,434959,32567
3025,8917,277,1168.5,895.2,610.7,13,0,1,5,0,2.2,"20-29","2021-08-26T08:03:23Z",258887,996115,45359
2709,8818,200,1444.8,906.4,545.7,19,4,0,10.1,0.4,0,"30-39","2021-08-26T08:03:23Z",187506,972868,36652
1790,7646,123,1284.8,821.3,435.6,50,10,0,35.9,1.1,0,"40-49","2021-08-26T08:03:23Z",139321,930997,28238
1069,5104,93,1328.1,679.7,501.6,48,35,1,59.6,4.7,5.4,"50-59","2021-08-26T08:03:23Z",80489,750935,18542
678,2746,51,1077,411.2,466.9,82,76,4,130.3,11.4,36.6,"60-69","2021-08-26T08:03:23Z",62954,667761,10924
403,1561,20,2093.9,335.2,338.2,68,77,5,353.3,16.5,84.5,"70-79","2021-08-26T08:03:23Z",19246,465624,5914
203,979,20,1681.3,467.3,504.3,44,91,3,364.4,43.4,75.6,"80-89","2021-08-26T08:03:23Z",12074,209498,3966
76,302,12,2554.6,646.3,669.3,17,21,1,571.4,44.9,55.8,"90+","2021-08-26T08:03:23Z",2975,46728,1793
